"","est.Adults_per_fly.sum","se.Adults_per_fly.sum","stat.Adults_per_fly.sum","p.Adults_per_fly.sum","lwr.Adults_per_fly.sum","upr.Adults_per_fly.sum"
"(Intercept)",26.6916666666666,2.58241728830295,10.3359231629863,0,21.6302217885393,31.753111544794
"SpeciesDPSE",30.2722222222223,3.65208955282477,8.28901421620608,2.22044604925031e-16,23.1142582303707,37.4301862140738
"Complete_TreatmentCHT",-19.0222222222222,3.65208955282477,-5.20858591967141,1.90285234014098e-07,-26.1801862140737,-11.8642582303706
"Complete_TreatmentHTC",-26.6916666666666,3.65208955282477,-7.30860135837071,2.70006239588838e-13,-33.8496306585182,-19.5337026748151
"Complete_TreatmentHTHT",-25.3166666666666,3.65208955282477,-6.93210456657203,4.14623890776511e-12,-32.4746306585182,-18.1587026748151
"SpeciesDPSE:Complete_TreatmentCHT",-24.1416666666667,5.16483457660589,-4.67423812100708,2.950468481977e-06,-34.2645564229214,-14.018776910412
"SpeciesDPSE:Complete_TreatmentHTC",-29.6638888888889,5.16483457660589,-5.74343446027323,9.2775283011548e-09,-39.7867786451437,-19.5409991326342
"SpeciesDPSE:Complete_TreatmentHTHT",-17.3694444444445,5.16483457660589,-3.3630204775811,0.000770946448062082,-27.4923342006992,-7.24655468818979
